"disp:0","disp:1","disp:2","vtkValidPointMask","arc_length","Points:0","Points:1","Points:2"
0,0,0,1,0,-2,0,0
-8.6809e-05,-8.1099e-20,0,1,0.003,-1.997,0,0
-0.00017362,-1.622e-19,0,1,0.006,-1.994,0,0
-0.00026042,-2.4329e-19,0,1,0.0089999,-1.991,0,0
-0.00034723,-3.2439e-19,0,1,0.012,-1.988,0,0
-0.00043404,-4.0549e-19,0,1,0.015,-1.985,0,0
-0.00052085,-4.8659e-19,0,1,0.018,-1.982,0,0
-0.00060766,-5.6769e-19,0,1,0.021,-1.979,0,0
-0.00069447,-6.4879e-19,0,1,0.024,-1.976,0,0
-0.00078127,-7.2988e-19,0,1,0.027,-1.973,0,0
-0.00086808,-8.1098e-19,0,1,0.03,-1.97,0,0
-0.00095489,-8.9208e-19,0,1,0.033,-1.967,0,0
-0.0010417,-9.7318e-19,0,1,0.036,-1.964,0,0
-0.0011285,-1.0543e-18,0,1,0.039,-1.961,0,0
-0.0012153,-1.1354e-18,0,1,0.042,-1.958,0,0
-0.0013021,-1.2165e-18,0,1,0.045,-1.955,0,0
-0.0013899,-1.3413e-18,0,1,0.048,-1.952,0,0
-0.0014791,-1.5391e-18,0,1,0.051,-1.949,0,0
-0.0015684,-1.7368e-18,0,1,0.054,-1.946,0,0
-0.0016577,-1.9346e-18,0,1,0.057,-1.943,0,0
-0.001747,-2.1324e-18,0,1,0.06,-1.94,0,0
-0.0018362,-2.3301e-18,0,1,0.063,-1.937,0,0
-0.0019255,-2.5279e-18,0,1,0.066,-1.934,0,0
-0.0020148,-2.7256e-18,0,1,0.069,-1.931,0,0
-0.0021041,-2.9234e-18,0,1,0.072,-1.928,0,0
-0.0021933,-3.1212e-18,0,1,0.075,-1.925,0,0
-0.0022826,-3.3189e-18,0,1,0.078,-1.922,0,0
-0.0023719,-3.5167e-18,0,1,0.081,-1.919,0,0
-0.0024612,-3.7144e-18,0,1,0.084,-1.916,0,0
-0.0025504,-3.9122e-18,0,1,0.087,-1.913,0,0
-0.0026397,-4.1099e-18,0,1,0.09,-1.91,0,0
-0.002729,-4.3077e-18,0,1,0.093,-1.907,0,0
-0.0028201,-4.5933e-18,0,1,0.096,-1.904,0,0
-0.0029119,-4.9081e-18,0,1,0.099,-1.901,0,0
-0.0030036,-5.223e-18,0,1,0.102,-1.898,0,0
-0.0030953,-5.5378e-18,0,1,0.105,-1.895,0,0
-0.0031871,-5.8527e-18,0,1,0.108,-1.892,0,0
-0.0032788,-6.1675e-18,0,1,0.111,-1.889,0,0
-0.0033706,-6.4824e-18,0,1,0.114,-1.886,0,0
-0.0034623,-6.7972e-18,0,1,0.117,-1.883,0,0
-0.0035541,-7.1121e-18,0,1,0.12,-1.88,0,0
-0.0036458,-7.427e-18,0,1,0.123,-1.877,0,0
-0.0037375,-7.7418e-18,0,1,0.126,-1.874,0,0
-0.0038293,-8.0566e-18,0,1,0.129,-1.871,0,0
-0.003921,-8.3715e-18,0,1,0.132,-1.868,0,0
-0.0040128,-8.6864e-18,0,1,0.135,-1.865,0,0
-0.0041045,-9.0012e-18,0,1,0.138,-1.862,0,0
-0.0041966,-9.3308e-18,0,1,0.141,-1.859,0,0
-0.0042908,-9.7636e-18,0,1,0.144,-1.856,0,0
-0.004385,-1.0196e-17,0,1,0.147,-1.853,0,0
-0.0044792,-1.0629e-17,0,1,0.15,-1.85,0,0
-0.0045734,-1.1062e-17,0,1,0.153,-1.847,0,0
-0.0046676,-1.1495e-17,0,1,0.156,-1.844,0,0
-0.0047618,-1.1928e-17,0,1,0.159,-1.841,0,0
-0.004856,-1.236e-17,0,1,0.162,-1.838,0,0
-0.0049502,-1.2793e-17,0,1,0.165,-1.835,0,0
-0.0050444,-1.3226e-17,0,1,0.168,-1.832,0,0
-0.0051386,-1.3659e-17,0,1,0.171,-1.829,0,0
-0.0052329,-1.4092e-17,0,1,0.174,-1.826,0,0
-0.0053271,-1.4525e-17,0,1,0.177,-1.823,0,0
-0.0054213,-1.4957e-17,0,1,0.18,-1.82,0,0
-0.0055155,-1.539e-17,0,1,0.183,-1.817,0,0
-0.0056097,-1.5823e-17,0,1,0.186,-1.814,0,0
-0.0057049,-1.6316e-17,0,1,0.189,-1.811,0,0
-0.005801,-1.6868e-17,0,1,0.192,-1.808,0,0
-0.0058971,-1.7421e-17,0,1,0.195,-1.805,0,0
-0.0059932,-1.7973e-17,0,1,0.198,-1.802,0,0
-0.0060893,-1.8526e-17,0,1,0.201,-1.799,0,0
-0.0061854,-1.9078e-17,0,1,0.204,-1.796,0,0
-0.0062815,-1.9631e-17,0,1,0.207,-1.793,0,0
-0.0063776,-2.0183e-17,0,1,0.21,-1.79,0,0
-0.0064737,-2.0736e-17,0,1,0.213,-1.787,0,0
-0.0065698,-2.1288e-17,0,1,0.216,-1.784,0,0
-0.0066659,-2.1841e-17,0,1,0.219,-1.781,0,0
-0.006762,-2.2393e-17,0,1,0.222,-1.778,0,0
-0.0068582,-2.2946e-17,0,1,0.225,-1.775,0,0
-0.0069543,-2.3498e-17,0,1,0.228,-1.772,0,0
-0.0070504,-2.4051e-17,0,1,0.231,-1.769,0,0
-0.0071465,-2.4603e-17,0,1,0.234,-1.766,0,0
-0.0072437,-2.5273e-17,0,1,0.237,-1.763,0,0
-0.0073412,-2.5959e-17,0,1,0.24,-1.76,0,0
-0.0074386,-2.6645e-17,0,1,0.243,-1.757,0,0
-0.0075361,-2.7331e-17,0,1,0.246,-1.754,0,0
-0.0076335,-2.8016e-17,0,1,0.249,-1.751,0,0
-0.0077309,-2.8702e-17,0,1,0.252,-1.748,0,0
-0.0078284,-2.9388e-17,0,1,0.255,-1.745,0,0
-0.0079258,-3.0074e-17,0,1,0.258,-1.742,0,0
-0.0080233,-3.076e-17,0,1,0.261,-1.739,0,0
-0.0081207,-3.1446e-17,0,1,0.264,-1.736,0,0
-0.0082181,-3.2132e-17,0,1,0.267,-1.733,0,0
-0.0083156,-3.2818e-17,0,1,0.27,-1.73,0,0
-0.008413,-3.3504e-17,0,1,0.273,-1.727,0,0
-0.0085105,-3.419e-17,0,1,0.276,-1.724,0,0
-0.0086079,-3.4876e-17,0,1,0.279,-1.721,0,0
-0.0087057,-3.5593e-17,0,1,0.282,-1.718,0,0
-0.0088044,-3.6402e-17,0,1,0.285,-1.715,0,0
-0.0089032,-3.721e-17,0,1,0.288,-1.712,0,0
-0.009002,-3.8019e-17,0,1,0.291,-1.709,0,0
-0.0091008,-3.8828e-17,0,1,0.294,-1.706,0,0
-0.0091995,-3.9637e-17,0,1,0.297,-1.703,0,0
-0.0092983,-4.0446e-17,0,1,0.3,-1.7,0,0
-0.0093971,-4.1254e-17,0,1,0.303,-1.697,0,0
-0.0094958,-4.2063e-17,0,1,0.306,-1.694,0,0
-0.0095946,-4.2872e-17,0,1,0.309,-1.691,0,0
-0.0096934,-4.3681e-17,0,1,0.312,-1.688,0,0
-0.0097922,-4.449e-17,0,1,0.315,-1.685,0,0
-0.0098909,-4.5298e-17,0,1,0.318,-1.682,0,0
-0.0099897,-4.6107e-17,0,1,0.321,-1.679,0,0
-0.010088,-4.6916e-17,0,1,0.324,-1.676,0,0
-0.010187,-4.7725e-17,0,1,0.327,-1.673,0,0
-0.010287,-4.8616e-17,0,1,0.33,-1.67,0,0
-0.010387,-4.9556e-17,0,1,0.333,-1.667,0,0
-0.010487,-5.0496e-17,0,1,0.336,-1.664,0,0
-0.010587,-5.1437e-17,0,1,0.339,-1.661,0,0
-0.010687,-5.2377e-17,0,1,0.342,-1.658,0,0
-0.010787,-5.3318e-17,0,1,0.345,-1.655,0,0
-0.010887,-5.4258e-17,0,1,0.348,-1.652,0,0
-0.010988,-5.5198e-17,0,1,0.351,-1.649,0,0
-0.011088,-5.6139e-17,0,1,0.354,-1.646,0,0
-0.011188,-5.7079e-17,0,1,0.357,-1.643,0,0
-0.011288,-5.8019e-17,0,1,0.36,-1.64,0,0
-0.011388,-5.896e-17,0,1,0.363,-1.637,0,0
-0.011488,-5.99e-17,0,1,0.366,-1.634,0,0
-0.011588,-6.084e-17,0,1,0.369,-1.631,0,0
-0.011688,-6.1781e-17,0,1,0.372,-1.628,0,0
-0.011788,-6.2721e-17,0,1,0.375,-1.625,0,0
-0.011889,-6.3679e-17,0,1,0.378,-1.622,0,0
-0.01199,-6.4636e-17,0,1,0.381,-1.619,0,0
-0.012091,-6.5594e-17,0,1,0.384,-1.616,0,0
-0.012191,-6.6551e-17,0,1,0.387,-1.613,0,0
-0.012292,-6.7509e-17,0,1,0.39,-1.61,0,0
-0.012393,-6.8467e-17,0,1,0.393,-1.607,0,0
-0.012494,-6.9424e-17,0,1,0.396,-1.604,0,0
-0.012594,-7.0382e-17,0,1,0.399,-1.601,0,0
-0.012695,-7.1339e-17,0,1,0.402,-1.598,0,0
-0.012796,-7.2297e-17,0,1,0.405,-1.595,0,0
-0.012896,-7.3254e-17,0,1,0.408,-1.592,0,0
-0.012997,-7.4212e-17,0,1,0.411,-1.589,0,0
-0.013098,-7.5169e-17,0,1,0.414,-1.586,0,0
-0.013199,-7.6127e-17,0,1,0.417,-1.583,0,0
-0.013299,-7.7085e-17,0,1,0.42,-1.58,0,0
-0.0134,-7.8009e-17,0,1,0.423,-1.577,0,0
-0.013501,-7.8876e-17,0,1,0.426,-1.574,0,0
-0.013601,-7.9744e-17,0,1,0.429,-1.571,0,0
-0.013702,-8.0612e-17,0,1,0.432,-1.568,0,0
-0.013803,-8.148e-17,0,1,0.435,-1.565,0,0
-0.013903,-8.2347e-17,0,1,0.438,-1.562,0,0
-0.014004,-8.3215e-17,0,1,0.441,-1.559,0,0
-0.014105,-8.4083e-17,0,1,0.444,-1.556,0,0
-0.014205,-8.4951e-17,0,1,0.447,-1.553,0,0
-0.014306,-8.5819e-17,0,1,0.45,-1.55,0,0
-0.014407,-8.6686e-17,0,1,0.453,-1.547,0,0
-0.014507,-8.7554e-17,0,1,0.456,-1.544,0,0
-0.014608,-8.8422e-17,0,1,0.459,-1.541,0,0
-0.014709,-8.929e-17,0,1,0.462,-1.538,0,0
-0.014809,-9.0158e-17,0,1,0.465,-1.535,0,0
-0.01491,-9.1025e-17,0,1,0.468,-1.532,0,0
-0.015011,-9.1824e-17,0,1,0.471,-1.529,0,0
-0.015111,-9.26e-17,0,1,0.474,-1.526,0,0
-0.015212,-9.3376e-17,0,1,0.477,-1.523,0,0
-0.015313,-9.4152e-17,0,1,0.48,-1.52,0,0
-0.015413,-9.4928e-17,0,1,0.483,-1.517,0,0
-0.015514,-9.5704e-17,0,1,0.486,-1.514,0,0
-0.015614,-9.648e-17,0,1,0.489,-1.511,0,0
-0.015715,-9.7256e-17,0,1,0.492,-1.508,0,0
-0.015816,-9.8032e-17,0,1,0.495,-1.505,0,0
-0.015916,-9.8808e-17,0,1,0.498,-1.502,0,0
-0.016017,-9.9584e-17,0,1,0.501,-1.499,0,0
-0.016117,-1.0036e-16,0,1,0.504,-1.496,0,0
-0.016218,-1.0114e-16,0,1,0.507,-1.493,0,0
-0.016319,-1.0191e-16,0,1,0.51,-1.49,0,0
-0.016419,-1.0269e-16,0,1,0.513,-1.487,0,0
-0.01652,-1.0345e-16,0,1,0.516,-1.484,0,0
-0.01662,-1.0413e-16,0,1,0.519,-1.481,0,0
-0.016721,-1.0482e-16,0,1,0.522,-1.478,0,0
-0.016821,-1.055e-16,0,1,0.525,-1.475,0,0
-0.016922,-1.0618e-16,0,1,0.528,-1.472,0,0
-0.017022,-1.0686e-16,0,1,0.531,-1.469,0,0
-0.017123,-1.0755e-16,0,1,0.534,-1.466,0,0
-0.017223,-1.0823e-16,0,1,0.537,-1.463,0,0
-0.017324,-1.0891e-16,0,1,0.54,-1.46,0,0
-0.017425,-1.0959e-16,0,1,0.543,-1.457,0,0
-0.017525,-1.1028e-16,0,1,0.546,-1.454,0,0
-0.017626,-1.1096e-16,0,1,0.549,-1.451,0,0
-0.017726,-1.1164e-16,0,1,0.552,-1.448,0,0
-0.017827,-1.1232e-16,0,1,0.555,-1.445,0,0
-0.017927,-1.1301e-16,0,1,0.558,-1.442,0,0
-0.018028,-1.1369e-16,0,1,0.561,-1.439,0,0
-0.018128,-1.1446e-16,0,1,0.564,-1.436,0,0
-0.018227,-1.1532e-16,0,1,0.567,-1.433,0,0
-0.018327,-1.1618e-16,0,1,0.57,-1.43,0,0
-0.018426,-1.1704e-16,0,1,0.573,-1.427,0,0
-0.018525,-1.179e-16,0,1,0.576,-1.424,0,0
-0.018625,-1.1876e-16,0,1,0.579,-1.421,0,0
-0.018724,-1.1962e-16,0,1,0.582,-1.418,0,0
-0.018824,-1.2048e-16,0,1,0.585,-1.415,0,0
-0.018923,-1.2134e-16,0,1,0.588,-1.412,0,0
-0.019023,-1.222e-16,0,1,0.591,-1.409,0,0
-0.019122,-1.2306e-16,0,1,0.594,-1.406,0,0
-0.019221,-1.2392e-16,0,1,0.597,-1.403,0,0
-0.019321,-1.2478e-16,0,1,0.6,-1.4,0,0
-0.01942,-1.2563e-16,0,1,0.603,-1.397,0,0
-0.01952,-1.2649e-16,0,1,0.606,-1.394,0,0
-0.019619,-1.2735e-16,0,1,0.609,-1.391,0,0
-0.019717,-1.286e-16,0,1,0.612,-1.388,0,0
-0.019814,-1.2991e-16,0,1,0.615,-1.385,0,0
-0.019911,-1.3121e-16,0,1,0.618,-1.382,0,0
-0.020009,-1.3251e-16,0,1,0.621,-1.379,0,0
-0.020106,-1.3381e-16,0,1,0.624,-1.376,0,0
-0.020203,-1.3512e-16,0,1,0.627,-1.373,0,0
-0.0203,-1.3642e-16,0,1,0.63,-1.37,0,0
-0.020398,-1.3772e-16,0,1,0.633,-1.367,0,0
-0.020495,-1.3903e-16,0,1,0.636,-1.364,0,0
-0.020592,-1.4033e-16,0,1,0.639,-1.361,0,0
-0.02069,-1.4163e-16,0,1,0.642,-1.358,0,0
-0.020787,-1.4294e-16,0,1,0.645,-1.355,0,0
-0.020884,-1.4424e-16,0,1,0.648,-1.352,0,0
-0.020981,-1.4554e-16,0,1,0.651,-1.349,0,0
-0.021079,-1.4685e-16,0,1,0.654,-1.346,0,0
-0.021175,-1.4826e-16,0,1,0.657,-1.343,0,0
-0.021271,-1.5001e-16,0,1,0.66,-1.34,0,0
-0.021366,-1.5175e-16,0,1,0.663,-1.337,0,0
-0.021461,-1.535e-16,0,1,0.666,-1.334,0,0
-0.021556,-1.5524e-16,0,1,0.669,-1.331,0,0
-0.021651,-1.5699e-16,0,1,0.672,-1.328,0,0
-0.021746,-1.5873e-16,0,1,0.675,-1.325,0,0
-0.021841,-1.6048e-16,0,1,0.678,-1.322,0,0
-0.021937,-1.6222e-16,0,1,0.681,-1.319,0,0
-0.022032,-1.6397e-16,0,1,0.684,-1.316,0,0
-0.022127,-1.6572e-16,0,1,0.687,-1.313,0,0
-0.022222,-1.6746e-16,0,1,0.69,-1.31,0,0
-0.022317,-1.6921e-16,0,1,0.693,-1.307,0,0
-0.022412,-1.7095e-16,0,1,0.696,-1.304,0,0
-0.022507,-1.727e-16,0,1,0.699,-1.301,0,0
-0.022603,-1.7444e-16,0,1,0.702,-1.298,0,0
-0.022696,-1.7646e-16,0,1,0.705,-1.295,0,0
-0.022789,-1.7865e-16,0,1,0.708,-1.292,0,0
-0.022882,-1.8084e-16,0,1,0.711,-1.289,0,0
-0.022975,-1.8302e-16,0,1,0.714,-1.286,0,0
-0.023068,-1.8521e-16,0,1,0.717,-1.283,0,0
-0.023161,-1.874e-16,0,1,0.72,-1.28,0,0
-0.023254,-1.8958e-16,0,1,0.723,-1.277,0,0
-0.023347,-1.9177e-16,0,1,0.726,-1.274,0,0
-0.02344,-1.9396e-16,0,1,0.729,-1.271,0,0
-0.023533,-1.9614e-16,0,1,0.732,-1.268,0,0
-0.023626,-1.9833e-16,0,1,0.735,-1.265,0,0
-0.023719,-2.0052e-16,0,1,0.738,-1.262,0,0
-0.023812,-2.027e-16,0,1,0.741,-1.259,0,0
-0.023905,-2.0489e-16,0,1,0.744,-1.256,0,0
-0.023998,-2.0708e-16,0,1,0.747,-1.253,0,0
-0.024091,-2.0926e-16,0,1,0.75,-1.25,0,0
-0.024184,-2.1159e-16,0,1,0.753,-1.247,0,0
-0.024278,-2.1391e-16,0,1,0.756,-1.244,0,0
-0.024371,-2.1623e-16,0,1,0.759,-1.241,0,0
-0.024464,-2.1855e-16,0,1,0.762,-1.238,0,0
-0.024557,-2.2087e-16,0,1,0.765,-1.235,0,0
-0.02465,-2.2319e-16,0,1,0.768,-1.232,0,0
-0.024743,-2.2551e-16,0,1,0.771,-1.229,0,0
-0.024836,-2.2783e-16,0,1,0.774,-1.226,0,0
-0.024929,-2.3015e-16,0,1,0.777,-1.223,0,0
-0.025023,-2.3248e-16,0,1,0.78,-1.22,0,0
-0.025116,-2.348e-16,0,1,0.783,-1.217,0,0
-0.025209,-2.3712e-16,0,1,0.786,-1.214,0,0
-0.025302,-2.3944e-16,0,1,0.789,-1.211,0,0
-0.025395,-2.4176e-16,0,1,0.792,-1.208,0,0
-0.025488,-2.4408e-16,0,1,0.795,-1.205,0,0
-0.025582,-2.4634e-16,0,1,0.798,-1.202,0,0
-0.025678,-2.4849e-16,0,1,0.801,-1.199,0,0
-0.025773,-2.5064e-16,0,1,0.804,-1.196,0,0
-0.025869,-2.5279e-16,0,1,0.807,-1.193,0,0
-0.025965,-2.5494e-16,0,1,0.81,-1.19,0,0
-0.02606,-2.5709e-16,0,1,0.813,-1.187,0,0
-0.026156,-2.5924e-16,0,1,0.816,-1.184,0,0
-0.026251,-2.6139e-16,0,1,0.819,-1.181,0,0
-0.026347,-2.6354e-16,0,1,0.822,-1.178,0,0
-0.026442,-2.6569e-16,0,1,0.825,-1.175,0,0
-0.026538,-2.6784e-16,0,1,0.828,-1.172,0,0
-0.026633,-2.6999e-16,0,1,0.831,-1.169,0,0
-0.026729,-2.7214e-16,0,1,0.834,-1.166,0,0
-0.026825,-2.7429e-16,0,1,0.837,-1.163,0,0
-0.02692,-2.7644e-16,0,1,0.84,-1.16,0,0
-0.027016,-2.7859e-16,0,1,0.843,-1.157,0,0
-0.027113,-2.8061e-16,0,1,0.846,-1.154,0,0
-0.027211,-2.8259e-16,0,1,0.849,-1.151,0,0
-0.027309,-2.8457e-16,0,1,0.852,-1.148,0,0
-0.027407,-2.8655e-16,0,1,0.855,-1.145,0,0
-0.027505,-2.8853e-16,0,1,0.858,-1.142,0,0
-0.027603,-2.905e-16,0,1,0.861,-1.139,0,0
-0.027701,-2.9248e-16,0,1,0.864,-1.136,0,0
-0.027799,-2.9446e-16,0,1,0.867,-1.133,0,0
-0.027897,-2.9644e-16,0,1,0.87,-1.13,0,0
-0.027995,-2.9842e-16,0,1,0.873,-1.127,0,0
-0.028093,-3.004e-16,0,1,0.876,-1.124,0,0
-0.028191,-3.0237e-16,0,1,0.879,-1.121,0,0
-0.028289,-3.0435e-16,0,1,0.882,-1.118,0,0
-0.028387,-3.0633e-16,0,1,0.885,-1.115,0,0
-0.028485,-3.0831e-16,0,1,0.888,-1.112,0,0
-0.028583,-3.1027e-16,0,1,0.891,-1.109,0,0
-0.028683,-3.1207e-16,0,1,0.894,-1.106,0,0
-0.028784,-3.1387e-16,0,1,0.897,-1.103,0,0
-0.028884,-3.1568e-16,0,1,0.9,-1.1,0,0
-0.028985,-3.1748e-16,0,1,0.903,-1.097,0,0
-0.029085,-3.1929e-16,0,1,0.906,-1.094,0,0
-0.029185,-3.2109e-16,0,1,0.909,-1.091,0,0
-0.029286,-3.229e-16,0,1,0.912,-1.088,0,0
-0.029386,-3.247e-16,0,1,0.915,-1.085,0,0
-0.029487,-3.265e-16,0,1,0.918,-1.082,0,0
-0.029587,-3.2831e-16,0,1,0.921,-1.079,0,0
-0.029687,-3.3011e-16,0,1,0.924,-1.076,0,0
-0.029788,-3.3192e-16,0,1,0.927,-1.073,0,0
-0.029888,-3.3372e-16,0,1,0.93,-1.07,0,0
-0.029989,-3.3552e-16,0,1,0.933,-1.067,0,0
-0.030089,-3.3733e-16,0,1,0.936,-1.064,0,0
-0.030189,-3.3901e-16,0,1,0.939,-1.061,0,0
-0.030288,-3.4057e-16,0,1,0.942,-1.058,0,0
-0.030387,-3.4213e-16,0,1,0.945,-1.055,0,0
-0.030486,-3.4369e-16,0,1,0.948,-1.052,0,0
-0.030585,-3.4525e-16,0,1,0.951,-1.049,0,0
-0.030684,-3.4681e-16,0,1,0.954,-1.046,0,0
-0.030783,-3.4837e-16,0,1,0.957,-1.043,0,0
-0.030882,-3.4993e-16,0,1,0.96,-1.04,0,0
-0.030981,-3.5149e-16,0,1,0.963,-1.037,0,0
-0.03108,-3.5305e-16,0,1,0.966,-1.034,0,0
-0.031179,-3.5461e-16,0,1,0.969,-1.031,0,0
-0.031278,-3.5616e-16,0,1,0.972,-1.028,0,0
-0.031377,-3.5772e-16,0,1,0.975,-1.025,0,0
-0.031476,-3.5928e-16,0,1,0.978,-1.022,0,0
-0.031575,-3.6084e-16,0,1,0.981,-1.019,0,0
-0.031674,-3.624e-16,0,1,0.984,-1.016,0,0
-0.031769,-3.6369e-16,0,1,0.987,-1.013,0,0
-0.031863,-3.6494e-16,0,1,0.99,-1.01,0,0
-0.031957,-3.6619e-16,0,1,0.993,-1.007,0,0
-0.032051,-3.6744e-16,0,1,0.996,-1.004,0,0
-0.032145,-3.6869e-16,0,1,0.999,-1.001,0,0
-0.032239,-3.6993e-16,0,1,1.002,-0.998,0,0
-0.032332,-3.7118e-16,0,1,1.005,-0.995,0,0
-0.032426,-3.7243e-16,0,1,1.008,-0.992,0,0
-0.03252,-3.7368e-16,0,1,1.011,-0.989,0,0
-0.032614,-3.7493e-16,0,1,1.014,-0.986,0,0
-0.032708,-3.7618e-16,0,1,1.017,-0.983,0,0
-0.032802,-3.7743e-16,0,1,1.02,-0.98,0,0
-0.032896,-3.7868e-16,0,1,1.023,-0.977,0,0
-0.03299,-3.7992e-16,0,1,1.026,-0.974,0,0
-0.033084,-3.8117e-16,0,1,1.029,-0.971,0,0
-0.033176,-3.8234e-16,0,1,1.032,-0.968,0,0
-0.033265,-3.8327e-16,0,1,1.035,-0.965,0,0
-0.033354,-3.842e-16,0,1,1.038,-0.962,0,0
-0.033443,-3.8513e-16,0,1,1.041,-0.959,0,0
-0.033531,-3.8606e-16,0,1,1.044,-0.956,0,0
-0.03362,-3.8698e-16,0,1,1.047,-0.953,0,0
-0.033709,-3.8791e-16,0,1,1.05,-0.95,0,0
-0.033798,-3.8884e-16,0,1,1.053,-0.947,0,0
-0.033887,-3.8977e-16,0,1,1.056,-0.944,0,0
-0.033975,-3.907e-16,0,1,1.059,-0.941,0,0
-0.034064,-3.9163e-16,0,1,1.062,-0.938,0,0
-0.034153,-3.9256e-16,0,1,1.065,-0.935,0,0
-0.034242,-3.9348e-16,0,1,1.068,-0.932,0,0
-0.03433,-3.9441e-16,0,1,1.071,-0.929,0,0
-0.034419,-3.9534e-16,0,1,1.074,-0.926,0,0
-0.034508,-3.9627e-16,0,1,1.077,-0.923,0,0
-0.034594,-3.97e-16,0,1,1.08,-0.92,0,0
-0.034677,-3.9762e-16,0,1,1.083,-0.917,0,0
-0.034761,-3.9824e-16,0,1,1.086,-0.914,0,0
-0.034845,-3.9885e-16,0,1,1.089,-0.911,0,0
-0.034928,-3.9947e-16,0,1,1.092,-0.908,0,0
-0.035012,-4.0009e-16,0,1,1.095,-0.905,0,0
-0.035095,-4.007e-16,0,1,1.098,-0.902,0,0
-0.035179,-4.0132e-16,0,1,1.101,-0.899,0,0
-0.035263,-4.0194e-16,0,1,1.104,-0.896,0,0
-0.035346,-4.0256e-16,0,1,1.107,-0.893,0,0
-0.03543,-4.0317e-16,0,1,1.11,-0.89,0,0
-0.035514,-4.0379e-16,0,1,1.113,-0.887,0,0
-0.035597,-4.0441e-16,0,1,1.116,-0.884,0,0
-0.035681,-4.0502e-16,0,1,1.119,-0.881,0,0
-0.035765,-4.0564e-16,0,1,1.122,-0.878,0,0
-0.035848,-4.0626e-16,0,1,1.125,-0.875,0,0
-0.035929,-4.0687e-16,0,1,1.128,-0.872,0,0
-0.03601,-4.0749e-16,0,1,1.131,-0.869,0,0
-0.036091,-4.081e-16,0,1,1.134,-0.866,0,0
-0.036171,-4.0872e-16,0,1,1.137,-0.863,0,0
-0.036252,-4.0933e-16,0,1,1.14,-0.86,0,0
-0.036333,-4.0995e-16,0,1,1.143,-0.857,0,0
-0.036414,-4.1056e-16,0,1,1.146,-0.854,0,0
-0.036495,-4.1118e-16,0,1,1.149,-0.851,0,0
-0.036575,-4.1179e-16,0,1,1.152,-0.848,0,0
-0.036656,-4.1241e-16,0,1,1.155,-0.845,0,0
-0.036737,-4.1302e-16,0,1,1.158,-0.842,0,0
-0.036818,-4.1364e-16,0,1,1.161,-0.839,0,0
-0.036899,-4.1425e-16,0,1,1.164,-0.836,0,0
-0.036979,-4.1487e-16,0,1,1.167,-0.833,0,0
-0.03706,-4.1548e-16,0,1,1.17,-0.83,0,0
-0.037141,-4.1621e-16,0,1,1.173,-0.827,0,0
-0.037221,-4.1713e-16,0,1,1.176,-0.824,0,0
-0.037301,-4.1806e-16,0,1,1.179,-0.821,0,0
-0.037382,-4.1898e-16,0,1,1.182,-0.818,0,0
-0.037462,-4.199e-16,0,1,1.185,-0.815,0,0
-0.037542,-4.2082e-16,0,1,1.188,-0.812,0,0
-0.037623,-4.2174e-16,0,1,1.191,-0.809,0,0
-0.037703,-4.2267e-16,0,1,1.194,-0.806,0,0
-0.037783,-4.2359e-16,0,1,1.197,-0.803,0,0
-0.037863,-4.2451e-16,0,1,1.2,-0.8,0,0
-0.037944,-4.2543e-16,0,1,1.203,-0.797,0,0
-0.038024,-4.2636e-16,0,1,1.206,-0.794,0,0
-0.038104,-4.2728e-16,0,1,1.209,-0.791,0,0
-0.038184,-4.282e-16,0,1,1.212,-0.788,0,0
-0.038265,-4.2912e-16,0,1,1.215,-0.785,0,0
-0.038345,-4.3004e-16,0,1,1.218,-0.782,0,0
-0.038425,-4.3121e-16,0,1,1.221,-0.779,0,0
-0.038505,-4.3245e-16,0,1,1.224,-0.776,0,0
-0.038584,-4.3369e-16,0,1,1.227,-0.773,0,0
-0.038664,-4.3493e-16,0,1,1.23,-0.77,0,0
-0.038744,-4.3617e-16,0,1,1.233,-0.767,0,0
-0.038824,-4.3741e-16,0,1,1.236,-0.764,0,0
-0.038903,-4.3866e-16,0,1,1.239,-0.761,0,0
-0.038983,-4.399e-16,0,1,1.242,-0.758,0,0
-0.039063,-4.4114e-16,0,1,1.245,-0.755,0,0
-0.039143,-4.4238e-16,0,1,1.248,-0.752,0,0
-0.039222,-4.4362e-16,0,1,1.251,-0.749,0,0
-0.039302,-4.4486e-16,0,1,1.254,-0.746,0,0
-0.039382,-4.4611e-16,0,1,1.257,-0.743,0,0
-0.039462,-4.4735e-16,0,1,1.26,-0.74,0,0
-0.039541,-4.4859e-16,0,1,1.263,-0.737,0,0
-0.039621,-4.4987e-16,0,1,1.266,-0.734,0,0
-0.0397,-4.5142e-16,0,1,1.269,-0.731,0,0
-0.039779,-4.5296e-16,0,1,1.272,-0.728,0,0
-0.039859,-4.5451e-16,0,1,1.275,-0.725,0,0
-0.039938,-4.5606e-16,0,1,1.278,-0.722,0,0
-0.040017,-4.576e-16,0,1,1.281,-0.719,0,0
-0.040096,-4.5915e-16,0,1,1.284,-0.716,0,0
-0.040176,-4.607e-16,0,1,1.287,-0.713,0,0
-0.040255,-4.6225e-16,0,1,1.29,-0.71,0,0
-0.040334,-4.6379e-16,0,1,1.293,-0.707,0,0
-0.040413,-4.6534e-16,0,1,1.296,-0.704,0,0
-0.040492,-4.6689e-16,0,1,1.299,-0.701,0,0
-0.040572,-4.6844e-16,0,1,1.302,-0.698,0,0
-0.040651,-4.6998e-16,0,1,1.305,-0.695,0,0
-0.04073,-4.7153e-16,0,1,1.308,-0.692,0,0
-0.040809,-4.7308e-16,0,1,1.311,-0.689,0,0
-0.040888,-4.7458e-16,0,1,1.314,-0.686,0,0
-0.040967,-4.7604e-16,0,1,1.317,-0.683,0,0
-0.041046,-4.7749e-16,0,1,1.32,-0.68,0,0
-0.041124,-4.7895e-16,0,1,1.323,-0.677,0,0
-0.041203,-4.8041e-16,0,1,1.326,-0.674,0,0
-0.041282,-4.8186e-16,0,1,1.329,-0.671,0,0
-0.04136,-4.8332e-16,0,1,1.332,-0.668,0,0
-0.041439,-4.8478e-16,0,1,1.335,-0.665,0,0
-0.041518,-4.8624e-16,0,1,1.338,-0.662,0,0
-0.041596,-4.8769e-16,0,1,1.341,-0.659,0,0
-0.041675,-4.8915e-16,0,1,1.344,-0.656,0,0
-0.041754,-4.9061e-16,0,1,1.347,-0.653,0,0
-0.041833,-4.9207e-16,0,1,1.35,-0.65,0,0
-0.041911,-4.9352e-16,0,1,1.353,-0.647,0,0
-0.04199,-4.9498e-16,0,1,1.356,-0.644,0,0
-0.042069,-4.9644e-16,0,1,1.359,-0.641,0,0
-0.042147,-4.9747e-16,0,1,1.362,-0.638,0,0
-0.042225,-4.9843e-16,0,1,1.365,-0.635,0,0
-0.042303,-4.994e-16,0,1,1.368,-0.632,0,0
-0.042381,-5.0037e-16,0,1,1.371,-0.629,0,0
-0.04246,-5.0134e-16,0,1,1.374,-0.626,0,0
-0.042538,-5.023e-16,0,1,1.377,-0.623,0,0
-0.042616,-5.0327e-16,0,1,1.38,-0.62,0,0
-0.042694,-5.0424e-16,0,1,1.383,-0.617,0,0
-0.042772,-5.0521e-16,0,1,1.386,-0.614,0,0
-0.042851,-5.0617e-16,0,1,1.389,-0.611,0,0
-0.042929,-5.0714e-16,0,1,1.392,-0.608,0,0
-0.043007,-5.0811e-16,0,1,1.395,-0.605,0,0
-0.043085,-5.0908e-16,0,1,1.398,-0.602,0,0
-0.043163,-5.1004e-16,0,1,1.401,-0.599,0,0
-0.043242,-5.1101e-16,0,1,1.404,-0.596,0,0
-0.04332,-5.1185e-16,0,1,1.407,-0.593,0,0
-0.043397,-5.1232e-16,0,1,1.41,-0.59,0,0
-0.043475,-5.1279e-16,0,1,1.413,-0.587,0,0
-0.043553,-5.1326e-16,0,1,1.416,-0.584,0,0
-0.04363,-5.1373e-16,0,1,1.419,-0.581,0,0
-0.043708,-5.142e-16,0,1,1.422,-0.578,0,0
-0.043786,-5.1467e-16,0,1,1.425,-0.575,0,0
-0.043863,-5.1514e-16,0,1,1.428,-0.572,0,0
-0.043941,-5.1561e-16,0,1,1.431,-0.569,0,0
-0.044019,-5.1608e-16,0,1,1.434,-0.566,0,0
-0.044096,-5.1655e-16,0,1,1.437,-0.563,0,0
-0.044174,-5.1702e-16,0,1,1.44,-0.56,0,0
-0.044252,-5.1749e-16,0,1,1.443,-0.557,0,0
-0.04433,-5.1796e-16,0,1,1.446,-0.554,0,0
-0.044407,-5.1843e-16,0,1,1.449,-0.551,0,0
-0.044485,-5.189e-16,0,1,1.452,-0.548,0,0
-0.044562,-5.1906e-16,0,1,1.455,-0.545,0,0
-0.044639,-5.1904e-16,0,1,1.458,-0.542,0,0
-0.044717,-5.1902e-16,0,1,1.461,-0.539,0,0
-0.044794,-5.19e-16,0,1,1.464,-0.536,0,0
-0.044871,-5.1897e-16,0,1,1.467,-0.533,0,0
-0.044948,-5.1895e-16,0,1,1.47,-0.53,0,0
-0.045025,-5.1893e-16,0,1,1.473,-0.527,0,0
-0.045103,-5.1891e-16,0,1,1.476,-0.524,0,0
-0.04518,-5.1889e-16,0,1,1.479,-0.521,0,0
-0.045257,-5.1887e-16,0,1,1.482,-0.518,0,0
-0.045334,-5.1884e-16,0,1,1.485,-0.515,0,0
-0.045411,-5.1882e-16,0,1,1.488,-0.512,0,0
-0.045488,-5.188e-16,0,1,1.491,-0.509,0,0
-0.045566,-5.1878e-16,0,1,1.494,-0.506,0,0
-0.045643,-5.1876e-16,0,1,1.497,-0.503,0,0
-0.04572,-5.1874e-16,0,1,1.5,-0.5,0,0
nan,nan,nan,0,1.503,-0.497,0,0
nan,nan,nan,0,1.506,-0.494,0,0
nan,nan,nan,0,1.509,-0.491,0,0
nan,nan,nan,0,1.512,-0.488,0,0
nan,nan,nan,0,1.515,-0.485,0,0
nan,nan,nan,0,1.518,-0.482,0,0
nan,nan,nan,0,1.521,-0.479,0,0
nan,nan,nan,0,1.524,-0.476,0,0
nan,nan,nan,0,1.527,-0.473,0,0
nan,nan,nan,0,1.53,-0.47,0,0
nan,nan,nan,0,1.533,-0.467,0,0
-0.0467,-5.3832e-16,0,1,1.536,-0.464,0,0
-0.046779,-5.3923e-16,0,1,1.539,-0.461,0,0
-0.046858,-5.4012e-16,0,1,1.542,-0.458,0,0
-0.046937,-5.4108e-16,0,1,1.545,-0.455,0,0
-0.047016,-5.42e-16,0,1,1.548,-0.452,0,0
-0.047095,-5.43e-16,0,1,1.551,-0.449,0,0
-0.047174,-5.4394e-16,0,1,1.554,-0.446,0,0
-0.047252,-5.4493e-16,0,1,1.557,-0.443,0,0
-0.047331,-5.4596e-16,0,1,1.56,-0.44,0,0
-0.04741,-5.4694e-16,0,1,1.563,-0.437,0,0
-0.047489,-5.48e-16,0,1,1.566,-0.434,0,0
-0.047568,-5.4895e-16,0,1,1.569,-0.431,0,0
-0.047648,-5.4992e-16,0,1,1.572,-0.428,0,0
-0.047728,-5.509e-16,0,1,1.575,-0.425,0,0
-0.047807,-5.5188e-16,0,1,1.578,-0.422,0,0
-0.047887,-5.5287e-16,0,1,1.581,-0.419,0,0
-0.047966,-5.5388e-16,0,1,1.584,-0.416,0,0
-0.048045,-5.5487e-16,0,1,1.587,-0.413,0,0
-0.048124,-5.5587e-16,0,1,1.59,-0.41,0,0
-0.048203,-5.5687e-16,0,1,1.593,-0.407,0,0
-0.048282,-5.5793e-16,0,1,1.596,-0.404,0,0
-0.048361,-5.5893e-16,0,1,1.599,-0.401,0,0
-0.048439,-5.5999e-16,0,1,1.602,-0.398,0,0
-0.048518,-5.6103e-16,0,1,1.605,-0.395,0,0
-0.048596,-5.6209e-16,0,1,1.608,-0.392,0,0
-0.048674,-5.6315e-16,0,1,1.611,-0.389,0,0
-0.048752,-5.6422e-16,0,1,1.614,-0.386,0,0
-0.04883,-5.6526e-16,0,1,1.617,-0.383,0,0
-0.048908,-5.6636e-16,0,1,1.62,-0.38,0,0
-0.048986,-5.6744e-16,0,1,1.623,-0.377,0,0
-0.049063,-5.6853e-16,0,1,1.626,-0.374,0,0
-0.049141,-5.6963e-16,0,1,1.629,-0.371,0,0
-0.049218,-5.7074e-16,0,1,1.632,-0.368,0,0
-0.049295,-5.7186e-16,0,1,1.635,-0.365,0,0
-0.049372,-5.7298e-16,0,1,1.638,-0.362,0,0
-0.049449,-5.7411e-16,0,1,1.641,-0.359,0,0
-0.049526,-5.7524e-16,0,1,1.644,-0.356,0,0
-0.049603,-5.7638e-16,0,1,1.647,-0.353,0,0
-0.049679,-5.7753e-16,0,1,1.65,-0.35,0,0
-0.049755,-5.7838e-16,0,1,1.653,-0.347,0,0
-0.04983,-5.7918e-16,0,1,1.656,-0.344,0,0
-0.049905,-5.7998e-16,0,1,1.659,-0.341,0,0
-0.04998,-5.8077e-16,0,1,1.662,-0.338,0,0
-0.050054,-5.8158e-16,0,1,1.665,-0.335,0,0
-0.050128,-5.8237e-16,0,1,1.668,-0.332,0,0
-0.050203,-5.8316e-16,0,1,1.671,-0.329,0,0
-0.050277,-5.8397e-16,0,1,1.674,-0.326,0,0
-0.050351,-5.8474e-16,0,1,1.677,-0.323,0,0
-0.050424,-5.8556e-16,0,1,1.68,-0.32,0,0
-0.050498,-5.8635e-16,0,1,1.683,-0.317,0,0
-0.050571,-5.8715e-16,0,1,1.686,-0.314,0,0
-0.050645,-5.8796e-16,0,1,1.689,-0.311,0,0
-0.050718,-5.8878e-16,0,1,1.692,-0.308,0,0
-0.050791,-5.8955e-16,0,1,1.695,-0.305,0,0
-0.050864,-5.9035e-16,0,1,1.698,-0.302,0,0
-0.050936,-5.9117e-16,0,1,1.701,-0.299,0,0
-0.051009,-5.9193e-16,0,1,1.704,-0.296,0,0
-0.051081,-5.9275e-16,0,1,1.707,-0.293,0,0
-0.051153,-5.9355e-16,0,1,1.71,-0.29,0,0
-0.051225,-5.9435e-16,0,1,1.713,-0.287,0,0
-0.051297,-5.9515e-16,0,1,1.716,-0.284,0,0
-0.051369,-5.9595e-16,0,1,1.719,-0.281,0,0
-0.05144,-5.9675e-16,0,1,1.722,-0.278,0,0
-0.051512,-5.9759e-16,0,1,1.725,-0.275,0,0
-0.051583,-5.9836e-16,0,1,1.728,-0.272,0,0
-0.051654,-5.9917e-16,0,1,1.731,-0.269,0,0
-0.051725,-5.9997e-16,0,1,1.734,-0.266,0,0
-0.051795,-6.0072e-16,0,1,1.737,-0.263,0,0
-0.051865,-6.0123e-16,0,1,1.74,-0.26,0,0
-0.051934,-6.0174e-16,0,1,1.743,-0.257,0,0
-0.052003,-6.0226e-16,0,1,1.746,-0.254,0,0
-0.052073,-6.0278e-16,0,1,1.749,-0.251,0,0
-0.052142,-6.0328e-16,0,1,1.752,-0.248,0,0
-0.05221,-6.038e-16,0,1,1.755,-0.245,0,0
-0.052279,-6.0433e-16,0,1,1.758,-0.242,0,0
-0.052348,-6.0485e-16,0,1,1.761,-0.239,0,0
-0.052416,-6.0539e-16,0,1,1.764,-0.236,0,0
-0.052485,-6.0591e-16,0,1,1.767,-0.233,0,0
-0.052553,-6.0641e-16,0,1,1.77,-0.23,0,0
-0.052621,-6.0694e-16,0,1,1.773,-0.227,0,0
-0.052689,-6.0748e-16,0,1,1.776,-0.224,0,0
-0.052757,-6.08e-16,0,1,1.779,-0.221,0,0
-0.052825,-6.0856e-16,0,1,1.782,-0.218,0,0
-0.052893,-6.0907e-16,0,1,1.785,-0.215,0,0
-0.05296,-6.0963e-16,0,1,1.788,-0.212,0,0
-0.053028,-6.1014e-16,0,1,1.791,-0.209,0,0
-0.053095,-6.1068e-16,0,1,1.794,-0.206,0,0
-0.053162,-6.1122e-16,0,1,1.797,-0.203,0,0
-0.05323,-6.1175e-16,0,1,1.8,-0.2,0,0
-0.053297,-6.1233e-16,0,1,1.803,-0.197,0,0
-0.053363,-6.1287e-16,0,1,1.806,-0.194,0,0
-0.05343,-6.1339e-16,0,1,1.809,-0.191,0,0
-0.053497,-6.1394e-16,0,1,1.812,-0.188,0,0
-0.053563,-6.1449e-16,0,1,1.815,-0.185,0,0
-0.05363,-6.1502e-16,0,1,1.818,-0.182,0,0
-0.053696,-6.1557e-16,0,1,1.821,-0.179,0,0
-0.053762,-6.1614e-16,0,1,1.824,-0.176,0,0
-0.053828,-6.166e-16,0,1,1.827,-0.173,0,0
-0.053894,-6.1706e-16,0,1,1.83,-0.17,0,0
-0.053959,-6.1753e-16,0,1,1.833,-0.167,0,0
-0.054024,-6.18e-16,0,1,1.836,-0.164,0,0
-0.05409,-6.1847e-16,0,1,1.839,-0.161,0,0
-0.054155,-6.1895e-16,0,1,1.842,-0.158,0,0
-0.05422,-6.1945e-16,0,1,1.845,-0.155,0,0
-0.054285,-6.1994e-16,0,1,1.848,-0.152,0,0
-0.05435,-6.2041e-16,0,1,1.851,-0.149,0,0
-0.054415,-6.2094e-16,0,1,1.854,-0.146,0,0
-0.05448,-6.214e-16,0,1,1.857,-0.143,0,0
-0.054545,-6.2193e-16,0,1,1.86,-0.14,0,0
-0.054609,-6.2244e-16,0,1,1.863,-0.137,0,0
-0.054674,-6.2295e-16,0,1,1.866,-0.134,0,0
-0.054738,-6.2348e-16,0,1,1.869,-0.131,0,0
-0.054803,-6.24e-16,0,1,1.872,-0.128,0,0
-0.054867,-6.2453e-16,0,1,1.875,-0.125,0,0
-0.054931,-6.2506e-16,0,1,1.878,-0.122,0,0
-0.054996,-6.256e-16,0,1,1.881,-0.119,0,0
-0.05506,-6.2614e-16,0,1,1.884,-0.116,0,0
-0.055124,-6.267e-16,0,1,1.887,-0.113,0,0
-0.055187,-6.2723e-16,0,1,1.89,-0.11,0,0
-0.055251,-6.2778e-16,0,1,1.893,-0.107,0,0
-0.055315,-6.2836e-16,0,1,1.896,-0.104,0,0
-0.055378,-6.289e-16,0,1,1.899,-0.101,0,0
-0.055442,-6.2947e-16,0,1,1.902,-0.098,0,0
-0.055505,-6.3004e-16,0,1,1.905,-0.095,0,0
-0.055569,-6.3062e-16,0,1,1.908,-0.092,0,0
-0.055632,-6.3119e-16,0,1,1.911,-0.089,0,0
-0.055695,-6.3179e-16,0,1,1.914,-0.086,0,0
-0.055757,-6.3238e-16,0,1,1.917,-0.083,0,0
-0.055819,-6.3298e-16,0,1,1.92,-0.08,0,0
-0.055881,-6.3358e-16,0,1,1.923,-0.077,0,0
-0.055944,-6.3419e-16,0,1,1.926,-0.074,0,0
-0.056006,-6.3479e-16,0,1,1.929,-0.071,0,0
-0.056067,-6.354e-16,0,1,1.932,-0.068,0,0
-0.056129,-6.3602e-16,0,1,1.935,-0.065,0,0
-0.056191,-6.3664e-16,0,1,1.938,-0.062,0,0
-0.056253,-6.3726e-16,0,1,1.941,-0.059,0,0
-0.056314,-6.3789e-16,0,1,1.944,-0.056,0,0
-0.056375,-6.3852e-16,0,1,1.947,-0.053,0,0
-0.056437,-6.3916e-16,0,1,1.95,-0.05,0,0
-0.056498,-6.398e-16,0,1,1.953,-0.047,0,0
-0.056559,-6.4044e-16,0,1,1.956,-0.044,0,0
-0.05662,-6.4109e-16,0,1,1.959,-0.041,0,0
-0.056681,-6.4175e-16,0,1,1.962,-0.038,0,0
-0.056742,-6.424e-16,0,1,1.965,-0.035,0,0
-0.056803,-6.4306e-16,0,1,1.968,-0.032,0,0
-0.056863,-6.4373e-16,0,1,1.971,-0.029,0,0
-0.056924,-6.444e-16,0,1,1.974,-0.026,0,0
-0.056984,-6.4507e-16,0,1,1.977,-0.023,0,0
-0.057045,-6.4575e-16,0,1,1.98,-0.02,0,0
-0.057105,-6.4643e-16,0,1,1.983,-0.017,0,0
-0.057165,-6.4711e-16,0,1,1.986,-0.014,0,0
-0.057225,-6.478e-16,0,1,1.989,-0.011,0,0
-0.057285,-6.4848e-16,0,1,1.992,-0.008,0,0
-0.057345,-6.4919e-16,0,1,1.995,-0.005,0,0
-0.057405,-6.4988e-16,0,1,1.998,-0.002,0,0
-0.057464,-6.506e-16,0,1,2.001,0.001,0,0
-0.057522,-6.5132e-16,0,1,2.004,0.004,0,0
-0.057579,-6.5203e-16,0,1,2.007,0.007,0,0
-0.057637,-6.5274e-16,0,1,2.01,0.01,0,0
-0.057694,-6.5346e-16,0,1,2.013,0.013,0,0
-0.057752,-6.5418e-16,0,1,2.016,0.016,0,0
-0.057809,-6.549e-16,0,1,2.019,0.019,0,0
-0.057866,-6.5562e-16,0,1,2.022,0.022,0,0
-0.057923,-6.5634e-16,0,1,2.025,0.025,0,0
-0.05798,-6.5706e-16,0,1,2.028,0.028,0,0
-0.058037,-6.5779e-16,0,1,2.031,0.031,0,0
-0.058094,-6.5852e-16,0,1,2.034,0.034,0,0
-0.05815,-6.5924e-16,0,1,2.037,0.037,0,0
-0.058207,-6.5997e-16,0,1,2.04,0.04,0,0
-0.058263,-6.6071e-16,0,1,2.043,0.043,0,0
-0.05832,-6.6144e-16,0,1,2.046,0.046,0,0
-0.058376,-6.6218e-16,0,1,2.049,0.049,0,0
-0.058432,-6.6291e-16,0,1,2.052,0.052,0,0
-0.058488,-6.6365e-16,0,1,2.055,0.055,0,0
-0.058544,-6.6439e-16,0,1,2.058,0.058,0,0
-0.0586,-6.6513e-16,0,1,2.061,0.061,0,0
-0.058656,-6.6587e-16,0,1,2.064,0.064,0,0
-0.058711,-6.6662e-16,0,1,2.067,0.067,0,0
-0.058767,-6.6737e-16,0,1,2.07,0.07,0,0
-0.058822,-6.6811e-16,0,1,2.073,0.073,0,0
-0.058877,-6.6886e-16,0,1,2.076,0.076,0,0
-0.058932,-6.6961e-16,0,1,2.079,0.079,0,0
-0.058988,-6.7037e-16,0,1,2.082,0.082,0,0
-0.059043,-6.7112e-16,0,1,2.085,0.085,0,0
-0.059097,-6.7188e-16,0,1,2.088,0.088,0,0
-0.059151,-6.7263e-16,0,1,2.091,0.091,0,0
-0.059203,-6.7336e-16,0,1,2.094,0.094,0,0
-0.059256,-6.7409e-16,0,1,2.097,0.097,0,0
-0.059309,-6.7482e-16,0,1,2.1,0.1,0,0
-0.059361,-6.7555e-16,0,1,2.103,0.103,0,0
-0.059414,-6.7629e-16,0,1,2.106,0.106,0,0
-0.059466,-6.7701e-16,0,1,2.109,0.109,0,0
-0.059518,-6.7775e-16,0,1,2.112,0.112,0,0
-0.059571,-6.7849e-16,0,1,2.115,0.115,0,0
-0.059623,-6.7922e-16,0,1,2.118,0.118,0,0
-0.059675,-6.7996e-16,0,1,2.121,0.121,0,0
-0.059727,-6.8068e-16,0,1,2.124,0.124,0,0
-0.059779,-6.8142e-16,0,1,2.127,0.127,0,0
-0.059831,-6.8216e-16,0,1,2.13,0.13,0,0
-0.059883,-6.829e-16,0,1,2.133,0.133,0,0
-0.059934,-6.8364e-16,0,1,2.136,0.136,0,0
-0.059986,-6.8437e-16,0,1,2.139,0.139,0,0
-0.060037,-6.851e-16,0,1,2.142,0.142,0,0
-0.060089,-6.8585e-16,0,1,2.145,0.145,0,0
-0.06014,-6.8659e-16,0,1,2.148,0.148,0,0
-0.060192,-6.8733e-16,0,1,2.151,0.151,0,0
-0.060243,-6.8806e-16,0,1,2.154,0.154,0,0
-0.060294,-6.888e-16,0,1,2.157,0.157,0,0
-0.060345,-6.8954e-16,0,1,2.16,0.16,0,0
-0.060396,-6.9027e-16,0,1,2.163,0.163,0,0
-0.060447,-6.9101e-16,0,1,2.166,0.166,0,0
-0.060498,-6.9177e-16,0,1,2.169,0.169,0,0
-0.060548,-6.925e-16,0,1,2.172,0.172,0,0
-0.060599,-6.9325e-16,0,1,2.175,0.175,0,0
-0.060649,-6.9398e-16,0,1,2.178,0.178,0,0
-0.060698,-6.9469e-16,0,1,2.181,0.181,0,0
-0.060747,-6.954e-16,0,1,2.184,0.184,0,0
-0.060796,-6.9612e-16,0,1,2.187,0.187,0,0
-0.060844,-6.9682e-16,0,1,2.19,0.19,0,0
-0.060893,-6.9754e-16,0,1,2.193,0.193,0,0
-0.060942,-6.9825e-16,0,1,2.196,0.196,0,0
-0.06099,-6.9896e-16,0,1,2.199,0.199,0,0
-0.061039,-6.9967e-16,0,1,2.202,0.202,0,0
-0.061088,-7.0037e-16,0,1,2.205,0.205,0,0
-0.061136,-7.0109e-16,0,1,2.208,0.208,0,0
-0.061185,-7.018e-16,0,1,2.211,0.211,0,0
-0.061233,-7.0251e-16,0,1,2.214,0.214,0,0
-0.061281,-7.0322e-16,0,1,2.217,0.217,0,0
-0.06133,-7.0393e-16,0,1,2.22,0.22,0,0
-0.061378,-7.0466e-16,0,1,2.223,0.223,0,0
-0.061426,-7.0535e-16,0,1,2.226,0.226,0,0
-0.061474,-7.0608e-16,0,1,2.229,0.229,0,0
-0.061522,-7.0677e-16,0,1,2.232,0.232,0,0
-0.06157,-7.075e-16,0,1,2.235,0.235,0,0
-0.061618,-7.0821e-16,0,1,2.238,0.238,0,0
-0.061666,-7.0892e-16,0,1,2.241,0.241,0,0
-0.061714,-7.0963e-16,0,1,2.244,0.244,0,0
-0.061761,-7.1035e-16,0,1,2.247,0.247,0,0
-0.061809,-7.1106e-16,0,1,2.25,0.25,0,0
-0.061857,-7.1177e-16,0,1,2.253,0.253,0,0
-0.061904,-7.1249e-16,0,1,2.256,0.256,0,0
-0.061952,-7.132e-16,0,1,2.259,0.259,0,0
-0.062,-7.1392e-16,0,1,2.262,0.262,0,0
-0.062046,-7.1461e-16,0,1,2.265,0.265,0,0
-0.062092,-7.1529e-16,0,1,2.268,0.268,0,0
-0.062138,-7.1596e-16,0,1,2.271,0.271,0,0
-0.062184,-7.1663e-16,0,1,2.274,0.274,0,0
-0.062229,-7.173e-16,0,1,2.277,0.277,0,0
-0.062275,-7.1797e-16,0,1,2.28,0.28,0,0
-0.062321,-7.1864e-16,0,1,2.283,0.283,0,0
-0.062366,-7.1932e-16,0,1,2.286,0.286,0,0
-0.062412,-7.2e-16,0,1,2.289,0.289,0,0
-0.062458,-7.2067e-16,0,1,2.292,0.292,0,0
-0.062503,-7.2134e-16,0,1,2.295,0.295,0,0
-0.062548,-7.2199e-16,0,1,2.298,0.298,0,0
-0.062594,-7.2266e-16,0,1,2.301,0.301,0,0
-0.062639,-7.2335e-16,0,1,2.304,0.304,0,0
-0.062685,-7.24e-16,0,1,2.307,0.307,0,0
-0.06273,-7.2463e-16,0,1,2.31,0.31,0,0
-0.062775,-7.2534e-16,0,1,2.313,0.313,0,0
-0.06282,-7.26e-16,0,1,2.316,0.316,0,0
-0.062865,-7.2667e-16,0,1,2.319,0.319,0,0
-0.062911,-7.2734e-16,0,1,2.322,0.322,0,0
-0.062956,-7.2798e-16,0,1,2.325,0.325,0,0
-0.063001,-7.2867e-16,0,1,2.328,0.328,0,0
-0.063046,-7.2934e-16,0,1,2.331,0.331,0,0
-0.06309,-7.2998e-16,0,1,2.334,0.334,0,0
-0.063135,-7.3064e-16,0,1,2.337,0.337,0,0
-0.06318,-7.3134e-16,0,1,2.34,0.34,0,0
-0.063225,-7.3198e-16,0,1,2.343,0.343,0,0
-0.06327,-7.3267e-16,0,1,2.346,0.346,0,0
-0.063314,-7.333e-16,0,1,2.349,0.349,0,0
-0.063358,-7.3392e-16,0,1,2.352,0.352,0,0
-0.0634,-7.3452e-16,0,1,2.355,0.355,0,0
-0.063443,-7.3512e-16,0,1,2.358,0.358,0,0
-0.063486,-7.3572e-16,0,1,2.361,0.361,0,0
-0.063529,-7.363e-16,0,1,2.364,0.364,0,0
-0.063572,-7.369e-16,0,1,2.367,0.367,0,0
-0.063614,-7.3748e-16,0,1,2.37,0.37,0,0
-0.063657,-7.3807e-16,0,1,2.373,0.373,0,0
-0.063699,-7.3867e-16,0,1,2.376,0.376,0,0
-0.063742,-7.3928e-16,0,1,2.379,0.379,0,0
-0.063785,-7.3983e-16,0,1,2.382,0.382,0,0
-0.063827,-7.404e-16,0,1,2.385,0.385,0,0
-0.06387,-7.4098e-16,0,1,2.388,0.388,0,0
-0.063912,-7.4157e-16,0,1,2.391,0.391,0,0
-0.063954,-7.4219e-16,0,1,2.394,0.394,0,0
-0.063997,-7.4273e-16,0,1,2.397,0.397,0,0
-0.064039,-7.4332e-16,0,1,2.4,0.4,0,0
-0.064081,-7.439e-16,0,1,2.403,0.403,0,0
-0.064124,-7.4447e-16,0,1,2.406,0.406,0,0
-0.064166,-7.4501e-16,0,1,2.409,0.409,0,0
-0.064208,-7.4558e-16,0,1,2.412,0.412,0,0
-0.06425,-7.4615e-16,0,1,2.415,0.415,0,0
-0.064292,-7.4672e-16,0,1,2.418,0.418,0,0
-0.064335,-7.4729e-16,0,1,2.421,0.421,0,0
-0.064377,-7.4783e-16,0,1,2.424,0.424,0,0
-0.064419,-7.4842e-16,0,1,2.427,0.427,0,0
-0.064461,-7.4895e-16,0,1,2.43,0.43,0,0
-0.064503,-7.4952e-16,0,1,2.433,0.433,0,0
-0.064543,-7.5003e-16,0,1,2.436,0.436,0,0
-0.064584,-7.5056e-16,0,1,2.439,0.439,0,0
-0.064624,-7.5111e-16,0,1,2.442,0.442,0,0
-0.064664,-7.5163e-16,0,1,2.445,0.445,0,0
-0.064704,-7.5217e-16,0,1,2.448,0.448,0,0
-0.064744,-7.5267e-16,0,1,2.451,0.451,0,0
-0.064785,-7.532e-16,0,1,2.454,0.454,0,0
-0.064825,-7.5374e-16,0,1,2.457,0.457,0,0
-0.064865,-7.5425e-16,0,1,2.46,0.46,0,0
-0.064905,-7.5479e-16,0,1,2.463,0.463,0,0
-0.064945,-7.5531e-16,0,1,2.466,0.466,0,0
-0.064985,-7.558e-16,0,1,2.469,0.469,0,0
-0.065025,-7.5631e-16,0,1,2.472,0.472,0,0
-0.065065,-7.568e-16,0,1,2.475,0.475,0,0
-0.065105,-7.5733e-16,0,1,2.478,0.478,0,0
-0.065146,-7.5787e-16,0,1,2.481,0.481,0,0
-0.065186,-7.5832e-16,0,1,2.484,0.484,0,0
-0.065226,-7.5883e-16,0,1,2.487,0.487,0,0
-0.065266,-7.5933e-16,0,1,2.49,0.49,0,0
-0.065306,-7.5982e-16,0,1,2.493,0.493,0,0
-0.065346,-7.6034e-16,0,1,2.496,0.496,0,0
-0.065386,-7.6081e-16,0,1,2.499,0.499,0,0
-0.065425,-7.6127e-16,0,1,2.502,0.502,0,0
-0.065465,-7.6179e-16,0,1,2.505,0.505,0,0
-0.065505,-7.6228e-16,0,1,2.508,0.508,0,0
-0.065545,-7.6277e-16,0,1,2.511,0.511,0,0
-0.065585,-7.6321e-16,0,1,2.514,0.514,0,0
-0.065624,-7.6373e-16,0,1,2.517,0.517,0,0
-0.065663,-7.6429e-16,0,1,2.52,0.52,0,0
-0.065701,-7.6486e-16,0,1,2.523,0.523,0,0
-0.06574,-7.6543e-16,0,1,2.526,0.526,0,0
-0.065778,-7.6599e-16,0,1,2.529,0.529,0,0
-0.065816,-7.6656e-16,0,1,2.532,0.532,0,0
-0.065855,-7.6711e-16,0,1,2.535,0.535,0,0
-0.065893,-7.6766e-16,0,1,2.538,0.538,0,0
-0.065932,-7.6821e-16,0,1,2.541,0.541,0,0
-0.06597,-7.6881e-16,0,1,2.544,0.544,0,0
-0.066009,-7.6934e-16,0,1,2.547,0.547,0,0
-0.066047,-7.6991e-16,0,1,2.55,0.55,0,0
-0.066085,-7.7046e-16,0,1,2.553,0.553,0,0
-0.066124,-7.7102e-16,0,1,2.556,0.556,0,0
-0.066162,-7.7159e-16,0,1,2.559,0.559,0,0
-0.066201,-7.7214e-16,0,1,2.562,0.562,0,0
-0.066239,-7.727e-16,0,1,2.565,0.565,0,0
-0.066278,-7.7327e-16,0,1,2.568,0.568,0,0
-0.066316,-7.7378e-16,0,1,2.571,0.571,0,0
-0.066355,-7.7439e-16,0,1,2.574,0.574,0,0
-0.066393,-7.7489e-16,0,1,2.577,0.577,0,0
-0.066432,-7.7546e-16,0,1,2.58,0.58,0,0
-0.06647,-7.7602e-16,0,1,2.583,0.583,0,0
-0.066509,-7.7654e-16,0,1,2.586,0.586,0,0
-0.066547,-7.7711e-16,0,1,2.589,0.589,0,0
-0.066586,-7.7766e-16,0,1,2.592,0.592,0,0
-0.066624,-7.7823e-16,0,1,2.595,0.595,0,0
-0.066661,-7.79e-16,0,1,2.598,0.598,0,0
-0.066698,-7.7977e-16,0,1,2.601,0.601,0,0
-0.066735,-7.8056e-16,0,1,2.604,0.604,0,0
-0.066772,-7.8134e-16,0,1,2.607,0.607,0,0
-0.066809,-7.8213e-16,0,1,2.61,0.61,0,0
-0.066847,-7.8286e-16,0,1,2.613,0.613,0,0
-0.066884,-7.8362e-16,0,1,2.616,0.616,0,0
-0.066921,-7.8442e-16,0,1,2.619,0.619,0,0
-0.066958,-7.8522e-16,0,1,2.622,0.622,0,0
-0.066995,-7.8601e-16,0,1,2.625,0.625,0,0
-0.067033,-7.8672e-16,0,1,2.628,0.628,0,0
-0.06707,-7.875e-16,0,1,2.631,0.631,0,0
-0.067107,-7.8826e-16,0,1,2.634,0.634,0,0
-0.067144,-7.891e-16,0,1,2.637,0.637,0,0
-0.067182,-7.8985e-16,0,1,2.64,0.64,0,0
-0.067219,-7.9063e-16,0,1,2.643,0.643,0,0
-0.067256,-7.9141e-16,0,1,2.646,0.646,0,0
-0.067294,-7.9217e-16,0,1,2.649,0.649,0,0
-0.067331,-7.9294e-16,0,1,2.652,0.652,0,0
-0.067368,-7.9373e-16,0,1,2.655,0.655,0,0
-0.067406,-7.9451e-16,0,1,2.658,0.658,0,0
-0.067443,-7.9533e-16,0,1,2.661,0.661,0,0
-0.067481,-7.9606e-16,0,1,2.664,0.664,0,0
-0.067518,-7.9684e-16,0,1,2.667,0.667,0,0
-0.067555,-7.9765e-16,0,1,2.67,0.67,0,0
-0.067591,-7.9864e-16,0,1,2.673,0.673,0,0
-0.067627,-7.9963e-16,0,1,2.676,0.676,0,0
-0.067663,-8.0061e-16,0,1,2.679,0.679,0,0
-0.067699,-8.0158e-16,0,1,2.682,0.682,0,0
-0.067735,-8.0255e-16,0,1,2.685,0.685,0,0
-0.067771,-8.035e-16,0,1,2.688,0.688,0,0
-0.067807,-8.0442e-16,0,1,2.691,0.691,0,0
-0.067843,-8.0536e-16,0,1,2.694,0.694,0,0
-0.067879,-8.0629e-16,0,1,2.697,0.697,0,0
-0.067915,-8.072e-16,0,1,2.7,0.7,0,0
-0.067951,-8.0811e-16,0,1,2.703,0.703,0,0
-0.067988,-8.0899e-16,0,1,2.706,0.706,0,0
-0.068024,-8.0989e-16,0,1,2.709,0.709,0,0
-0.06806,-8.1081e-16,0,1,2.712,0.712,0,0
-0.068096,-8.1162e-16,0,1,2.715,0.715,0,0
-0.068133,-8.1246e-16,0,1,2.718,0.718,0,0
-0.068169,-8.133e-16,0,1,2.721,0.721,0,0
-0.068205,-8.1415e-16,0,1,2.724,0.724,0,0
-0.068242,-8.1497e-16,0,1,2.727,0.727,0,0
-0.068278,-8.1579e-16,0,1,2.73,0.73,0,0
-0.068315,-8.166e-16,0,1,2.733,0.733,0,0
-0.068351,-8.174e-16,0,1,2.736,0.736,0,0
-0.068388,-8.1818e-16,0,1,2.739,0.739,0,0
-0.068423,-8.1896e-16,0,1,2.742,0.742,0,0
-0.068458,-8.1974e-16,0,1,2.745,0.745,0,0
-0.068493,-8.205e-16,0,1,2.748,0.748,0,0
-0.068528,-8.2122e-16,0,1,2.751,0.751,0,0
-0.068563,-8.2196e-16,0,1,2.754,0.754,0,0
-0.068598,-8.2265e-16,0,1,2.757,0.757,0,0
-0.068633,-8.2337e-16,0,1,2.76,0.76,0,0
-0.068669,-8.2398e-16,0,1,2.763,0.763,0,0
-0.068704,-8.2466e-16,0,1,2.766,0.766,0,0
-0.068739,-8.2527e-16,0,1,2.769,0.769,0,0
-0.068775,-8.2586e-16,0,1,2.772,0.772,0,0
-0.06881,-8.2641e-16,0,1,2.775,0.775,0,0
-0.068846,-8.2696e-16,0,1,2.778,0.778,0,0
-0.068881,-8.2752e-16,0,1,2.781,0.781,0,0
-0.068917,-8.2803e-16,0,1,2.784,0.784,0,0
-0.068953,-8.2851e-16,0,1,2.787,0.787,0,0
-0.068988,-8.2897e-16,0,1,2.79,0.79,0,0
-0.069024,-8.2943e-16,0,1,2.793,0.793,0,0
-0.06906,-8.2985e-16,0,1,2.796,0.796,0,0
-0.069096,-8.3025e-16,0,1,2.799,0.799,0,0
-0.069132,-8.3062e-16,0,1,2.802,0.802,0,0
-0.069167,-8.31e-16,0,1,2.805,0.805,0,0
-0.069201,-8.3141e-16,0,1,2.808,0.808,0,0
-0.069236,-8.318e-16,0,1,2.811,0.811,0,0
-0.06927,-8.3219e-16,0,1,2.814,0.814,0,0
-0.069305,-8.3257e-16,0,1,2.817,0.817,0,0
-0.06934,-8.3288e-16,0,1,2.82,0.82,0,0
-0.069375,-8.3332e-16,0,1,2.823,0.823,0,0
-0.069409,-8.3359e-16,0,1,2.826,0.826,0,0
-0.069444,-8.3386e-16,0,1,2.829,0.829,0,0
-0.069479,-8.3416e-16,0,1,2.832,0.832,0,0
-0.069514,-8.3448e-16,0,1,2.835,0.835,0,0
-0.06955,-8.3473e-16,0,1,2.838,0.838,0,0
-0.069585,-8.3503e-16,0,1,2.841,0.841,0,0
-0.06962,-8.3523e-16,0,1,2.844,0.844,0,0
-0.069655,-8.3547e-16,0,1,2.847,0.847,0,0
-0.069691,-8.3562e-16,0,1,2.85,0.85,0,0
-0.069726,-8.3585e-16,0,1,2.853,0.853,0,0
-0.069762,-8.3603e-16,0,1,2.856,0.856,0,0
-0.069797,-8.3615e-16,0,1,2.859,0.859,0,0
-0.069832,-8.3661e-16,0,1,2.862,0.862,0,0
-0.069866,-8.3735e-16,0,1,2.865,0.865,0,0
-0.069901,-8.3814e-16,0,1,2.868,0.868,0,0
-0.069935,-8.3889e-16,0,1,2.871,0.871,0,0
-0.069969,-8.3963e-16,0,1,2.874,0.874,0,0
-0.070004,-8.4045e-16,0,1,2.877,0.877,0,0
-0.070038,-8.4126e-16,0,1,2.88,0.88,0,0
-0.070073,-8.4205e-16,0,1,2.883,0.883,0,0
-0.070108,-8.428e-16,0,1,2.886,0.886,0,0
-0.070142,-8.4367e-16,0,1,2.889,0.889,0,0
-0.070177,-8.4449e-16,0,1,2.892,0.892,0,0
-0.070212,-8.4533e-16,0,1,2.895,0.895,0,0
-0.070247,-8.4621e-16,0,1,2.898,0.898,0,0
-0.070283,-8.4706e-16,0,1,2.901,0.901,0,0
-0.070318,-8.4793e-16,0,1,2.904,0.904,0,0
-0.070354,-8.488e-16,0,1,2.907,0.907,0,0
-0.070389,-8.5009e-16,0,1,2.91,0.91,0,0
-0.070422,-8.5204e-16,0,1,2.913,0.913,0,0
-0.070456,-8.5401e-16,0,1,2.916,0.916,0,0
-0.07049,-8.5602e-16,0,1,2.919,0.919,0,0
-0.070524,-8.5805e-16,0,1,2.922,0.922,0,0
-0.070558,-8.6007e-16,0,1,2.925,0.925,0,0
-0.070592,-8.6216e-16,0,1,2.928,0.928,0,0
-0.070627,-8.643e-16,0,1,2.931,0.931,0,0
-0.070662,-8.6647e-16,0,1,2.934,0.934,0,0
-0.070697,-8.6861e-16,0,1,2.937,0.937,0,0
-0.070732,-8.708e-16,0,1,2.94,0.94,0,0
-0.070767,-8.7303e-16,0,1,2.943,0.943,0,0
-0.070802,-8.7531e-16,0,1,2.946,0.946,0,0
-0.070837,-8.7761e-16,0,1,2.949,0.949,0,0
-0.07087,-8.7983e-16,0,1,2.952,0.952,0,0
-0.070904,-8.8213e-16,0,1,2.955,0.955,0,0
-0.070938,-8.8445e-16,0,1,2.958,0.958,0,0
-0.070972,-8.8699e-16,0,1,2.961,0.961,0,0
-0.071006,-8.8943e-16,0,1,2.964,0.964,0,0
-0.071041,-8.9203e-16,0,1,2.967,0.967,0,0
-0.071076,-8.946e-16,0,1,2.97,0.97,0,0
-0.071111,-8.9748e-16,0,1,2.973,0.973,0,0
-0.071147,-9.0032e-16,0,1,2.976,0.976,0,0
-0.07118,-9.0216e-16,0,1,2.979,0.979,0,0
-0.071214,-9.0406e-16,0,1,2.982,0.982,0,0
-0.071247,-9.0647e-16,0,1,2.985,0.985,0,0
-0.071282,-9.0943e-16,0,1,2.988,0.988,0,0
-0.071317,-9.1318e-16,0,1,2.991,0.991,0,0
-0.071354,-9.1788e-16,0,1,2.994,0.994,0,0
-0.071385,-9.1965e-16,0,1,2.997,0.997,0,0
-0.071423,-9.2491e-16,0,1,3,1,0,0
